<?xml version="1.0" encoding="utf-8" standalone="yes"?>
<rss version="2.0" xmlns:atom="http://www.w3.org/2005/Atom">
  <channel>
    <title>Coin Up Lightning Demo Canada | Play Free Slots on Coin Up Lightning</title>
    <link>https://coinuplightningca.com/demo/</link>
    <description>Recent content in Coin Up Lightning Demo Canada | Play Free Slots on Coin Up Lightning</description>
    <generator>Hugo</generator>
    <language>en</language>
    <lastBuildDate></lastBuildDate>
    <atom:link href="https://coinuplightningca.com/demo/index.xml" rel="self" type="application/rss+xml" />
  </channel>
</rss>
